activity,channel,real_sampled_windows,synthetic_sampled_windows,real_to_nearest_real_mse_mean,real_to_nearest_real_mse_median,real_to_nearest_real_mse_p05,real_to_nearest_real_mse_p95,syn_to_nearest_syn_mse_mean,syn_to_nearest_syn_mse_median,syn_to_nearest_syn_mse_p05,syn_to_nearest_syn_mse_p95,syn_to_nearest_real_mse_mean,syn_to_nearest_real_mse_median,syn_to_nearest_real_mse_p05,syn_to_nearest_real_mse_p95,syn_nn_vs_real_nn_ratio,syn_nearest_real_vs_real_nn_ratio
1,ACC_x,1000,1000,0.02481137402355671,0.0005592182278633118,3.026798367500305e-09,0.1253514140844345,0.028129195794463158,0.003638029098510742,0.00220334529876709,0.11996480077505112,0.03889240324497223,0.00402405858039856,0.0015773713821545243,0.20308052003383636,1.13372180709365,1.5675231532137859
1,ACC_y,1000,1000,0.007775741629302502,0.00012675859034061432,0.0,0.0302012637257576,0.006897568702697754,0.0007723420858383179,0.0004011761338915676,0.029794521629810333,0.009733986109495163,0.001467883586883545,0.00032348482636734843,0.04535525664687157,0.8870624863234401,1.2518402196921143
1,ACC_z,1000,1000,0.03352000564336777,0.000469014048576355,4.618987532012397e-06,0.22811248898506165,0.03131253272294998,0.0038722120225429535,0.002045991364866495,0.14989197254180908,0.040368251502513885,0.004877343773841858,0.001568651176057756,0.20336881279945374,0.9341446137001306,1.2043032430246952
1,BVP,1000,1000,0.1438523381948471,0.050199881196022034,0.006177298724651337,0.6115928292274475,0.13289988040924072,0.06053212285041809,0.028638368472456932,0.490974485874176,0.13672460615634918,0.0490453839302063,0.016722867265343666,0.49159541726112366,0.9238631924719127,0.9504510519054375
1,EDA,1000,1000,3.0058006814215332e-05,0.0,0.0,9.29564266698435e-05,6.930965173523873e-05,4.9233436584472656e-05,2.8371810913085938e-05,0.00015835762314964086,0.007005500607192516,0.0005861520767211914,2.5033950805664062e-05,0.031354814767837524,2.305863198569112,233.066039624404
1,TEMP,1000,1000,3.899216608260758e-06,2.86102294921875e-06,0.0,1.0502338227524888e-05,3.8053512980695814e-05,2.8371810913085938e-05,1.6450881958007812e-05,9.218454215442762e-05,5.819868965772912e-05,3.457069396972656e-05,1.2874603271484375e-05,0.0001952648162841797,9.759271362374902,14.925739066260437
2,ACC_x,1000,1000,0.37946027517318726,0.2517755627632141,0.06510882824659348,1.2317043542861938,0.3666060268878937,0.23850968480110168,0.0752992033958435,1.1153093576431274,0.3618324100971222,0.23784977197647095,0.0634688138961792,1.0249829292297363,0.9661249170827517,0.95354489987649
2,ACC_y,1000,1000,0.2968345284461975,0.25072550773620605,0.08846847712993622,0.7166604995727539,0.41057413816452026,0.34287726879119873,0.059343863278627396,1.0060547590255737,0.4788324534893036,0.41296786069869995,0.053576089441776276,1.0835338830947876,1.3831751323328227,1.6131292272357525
2,ACC_z,1000,1000,0.24669383466243744,0.1500871181488037,0.04224999621510506,0.7360084652900696,0.2712413966655731,0.19990688562393188,0.06619000434875488,0.7213276624679565,0.2772878408432007,0.2123313546180725,0.04900256544351578,0.6889550685882568,1.0995061835928135,1.1240160955892005
2,BVP,1000,1000,0.6137852668762207,0.2461908906698227,0.038407083600759506,2.0252349376678467,0.4943697452545166,0.1591881513595581,0.08222055435180664,1.7247252464294434,0.46582505106925964,0.13104645907878876,0.044681351631879807,1.6394708156585693,0.8054441380949828,0.7589381436931761
2,EDA,1000,1000,0.001272082095965743,1.1026859283447266e-05,0.0,0.004379719495773315,0.0010644292924553156,0.00043313950300216675,0.0002089619665639475,0.0040269759483635426,0.010125236585736275,0.0008525736629962921,0.0001830458641052246,0.0453961007297039,0.8367614761901189,7.95957793749889
2,TEMP,1000,1000,4.0631293813930824e-06,3.0994415283203125e-06,0.0,1.1682510375976562e-05,0.00011705506040016189,9.560585021972656e-05,6.318092346191406e-05,0.00023993253125809133,0.00012109124509152025,8.7738037109375e-05,4.2438507080078125e-05,0.00029330252436921,28.809090091054017,29.802458579353182
3,ACC_x,1000,1000,0.5134683847427368,0.355756938457489,0.06369417905807495,1.4154576063156128,0.3978022038936615,0.23433692753314972,0.05868089571595192,1.2849164009094238,0.4008462429046631,0.2254699468612671,0.04033190384507179,1.354589819908142,0.7747355352617716,0.7806639217047397
3,ACC_y,1000,1000,0.1201946884393692,0.08769845962524414,0.007981931790709496,0.34715238213539124,0.13564231991767883,0.09890921413898468,0.03464263305068016,0.3299216628074646,0.2411450743675232,0.1779928207397461,0.0232325978577137,0.6512280702590942,1.128521748164454,2.006287278569435
3,ACC_z,1000,1000,0.5162403583526611,0.37898892164230347,0.04626477137207985,1.3997857570648193,0.3867858946323395,0.21412086486816406,0.05166521295905113,1.302037000656128,0.4195415675640106,0.26406335830688477,0.03581620380282402,1.3916947841644287,0.749236064895401,0.8126864953038168
3,BVP,1000,1000,1.3157427310943604,0.7298997640609741,0.06432023644447327,4.441990852355957,0.8220078349113464,0.2637730836868286,0.08104389160871506,3.2844855785369873,0.7693749070167542,0.1583450734615326,0.044022880494594574,3.378161907196045,0.6247481483159302,0.5847457020544067
3,EDA,1000,1000,0.002474710112437606,0.001342177391052246,4.523992629401619e-06,0.009086370468139648,0.0025976011529564857,0.0017693042755126953,0.0005908504244871438,0.007005614228546619,0.002915726276114583,0.002294301986694336,0.0006466165068559349,0.006658762693405151,1.0496587620106468,1.1782092219450193
3,TEMP,1000,1000,5.87725617151591e-06,3.337860107421875e-06,0.0,1.8596649169921875e-05,0.0002661383186932653,0.00019240379333496094,0.00010106563422596082,0.0005564928287640214,0.00027480232529342175,0.0001939535140991211,6.771087646484375e-05,0.0005927681922912598,45.28274945426119,46.756907862081924
4,ACC_x,1000,1000,1.0162405967712402,0.6944999694824219,0.12812300026416779,2.7033584117889404,0.8026132583618164,0.4369494318962097,0.11641611903905869,2.420959711074829,0.8711732029914856,0.5277462005615234,0.08265794068574905,2.648489475250244,0.789786651814391,0.857250936204815
4,ACC_y,1000,1000,0.3091738224029541,0.2447890043258667,0.0542416088283062,0.8147938847541809,0.2910168468952179,0.2153782844543457,0.06213498115539551,0.7223430275917053,0.3358486592769623,0.26617908477783203,0.04699272662401199,0.7987080216407776,0.9412725975096566,1.0862777988986474
4,ACC_z,1000,1000,0.5181318521499634,0.3696557283401489,0.06113085150718689,1.501222848892212,0.4378344416618347,0.24274283647537231,0.07889842987060547,1.3053276538848877,0.4939408600330353,0.3063921332359314,0.06640186160802841,1.4475862979888916,0.8450251414674886,0.953311127241939
4,BVP,1000,1000,1.0788054466247559,0.42986011505126953,0.06453696638345718,4.083617687225342,0.8624882698059082,0.33856964111328125,0.10497397184371948,3.6574487686157227,0.8394925594329834,0.3175302743911743,0.05536134913563728,3.3157155513763428,0.7994845340319366,0.7781686327775713
4,EDA,1000,1000,0.0011835593031719327,0.00047676078975200653,1.3312697774381377e-05,0.003440421773120761,0.0015164024662226439,0.0009376946836709976,0.0003984924405813217,0.004208064172416925,0.0015037765260785818,0.0008080229163169861,0.00029695648117922246,0.0049679954536259174,1.2812222101238977,1.270554438673642
4,TEMP,1000,1000,8.87942314875545e-06,4.5299530029296875e-06,0.0,2.4819373720674776e-05,0.0002670041285455227,0.00022220611572265625,0.00011156797700095922,0.0005548953777179122,0.00023793685249984264,0.0001779794692993164,6.198883056640625e-05,0.0006256222841329873,30.06998586196968,26.796431312454363
5,ACC_x,1000,1000,0.3343314826488495,0.16754251718521118,0.025893310084939003,1.1741468906402588,0.35822075605392456,0.18832843005657196,0.04882616549730301,1.300134301185608,0.37791189551353455,0.20979230105876923,0.041082918643951416,1.2517085075378418,1.0714538553647552,1.130350909580531
5,ACC_y,1000,1000,0.057785846292972565,0.025859355926513672,0.006816679146140814,0.18945419788360596,0.06561404466629028,0.03409053385257721,0.013414549641311169,0.22859415411949158,0.06955856084823608,0.036171674728393555,0.01109567005187273,0.2438662052154541,1.1354691308599856,1.2037300707785121
5,ACC_z,1000,1000,0.18129263818264008,0.09615963697433472,0.012913544662296772,0.62174391746521,0.20239901542663574,0.10812097787857056,0.03323039039969444,0.6782850027084351,0.2243049591779709,0.12532280385494232,0.026321347802877426,0.7600903511047363,1.1164215902839498,1.2372535444710049
5,BVP,1000,1000,0.9944825768470764,0.6196204423904419,0.13037998974323273,2.900632381439209,0.9297549724578857,0.5607931017875671,0.08791611343622208,3.2021241188049316,0.9481181502342224,0.5813623666763306,0.0491306409239769,3.00329852104187,0.9349132846606483,0.953378341971713
5,EDA,1000,1000,0.003113673534244299,0.0009235739707946777,7.874667790019885e-05,0.011040878482162952,0.00320538436062634,0.001497030258178711,0.00044265706674195826,0.01131143607199192,0.003484203480184078,0.0015130043029785156,0.0004135189519729465,0.012659979052841663,1.0294542203520702,1.1190008977706485
5,TEMP,1000,1000,5.8438777159608435e-06,4.291534423828125e-06,7.152557373046875e-07,1.2874603271484375e-05,0.00015507182979490608,0.00012618303298950195,6.663799285888672e-05,0.00033551454544067383,0.0002558781998232007,0.00013208389282226562,4.360675666248426e-05,0.0005381226656027138,26.53577595769547,43.78568687779763
6,ACC_x,1000,1000,0.14097891747951508,0.07703045010566711,0.0011777281761169434,0.5027313232421875,0.1502685695886612,0.0697910487651825,0.007696682121604681,0.5623965859413147,0.15448452532291412,0.07918375730514526,0.005477285478264093,0.5554788708686829,1.0658939100628004,1.0957987767593795
6,ACC_y,1000,1000,0.03470971807837486,0.011121898889541626,0.00024342062533833086,0.14141862094402313,0.03776046633720398,0.01255660131573677,0.0013864247594028711,0.1419593095779419,0.03808622062206268,0.013488363474607468,0.0010976322228088975,0.1493181586265564,1.0878932018963825,1.0972783050574957
6,ACC_z,1000,1000,0.14228710532188416,0.06189444661140442,0.0014925968134775758,0.5462192893028259,0.1594243049621582,0.06706184148788452,0.007478869054466486,0.5847684741020203,0.1567620187997818,0.06792312860488892,0.004878693725913763,0.5503759384155273,1.1204409886722062,1.101730325071638
6,BVP,1000,1000,0.7249030470848083,0.35886266827583313,0.0292821004986763,2.7417688369750977,0.6882800459861755,0.3362864851951599,0.06113725155591965,2.6000635623931885,0.652947187423706,0.32959410548210144,0.040372248739004135,2.445572853088379,0.9494787596135622,0.9007372641755719
6,EDA,1000,1000,0.0017007844289764762,5.3256750106811523e-05,5.960464477539063e-08,0.004377877805382013,0.0007866078522056341,0.0002164207398891449,9.416916873306036e-05,0.0028960162308067083,0.0007654944784007967,0.000225666823098436,6.834270607214421e-05,0.002762331161648035,0.46249709181486975,0.4500831882976889
6,TEMP,1000,1000,8.923769200919196e-06,3.6954879760742188e-06,2.384185791015625e-07,1.481175422668457e-05,8.11261561466381e-05,6.258487701416016e-05,3.0097366106929258e-05,0.0001643747091293335,0.0001009234765660949,6.240606307983398e-05,2.276897430419922e-05,0.00027514100656844676,9.091019088467872,11.309512190846357
7,ACC_x,1000,1000,0.4606054127216339,0.2772951126098633,0.06679202616214752,1.3615189790725708,0.4211614429950714,0.2664307951927185,0.0724688321352005,1.2080156803131104,0.45044952630996704,0.32386934757232666,0.06523154675960541,1.1560910940170288,0.9143649452717126,0.9779510050660117
7,ACC_y,1000,1000,0.22363504767417908,0.12720441818237305,0.03443095088005066,0.7375005483627319,0.26025837659835815,0.19333875179290771,0.05639360100030899,0.6475614309310913,0.28496795892715454,0.22433693706989288,0.07447019219398499,0.7114761471748352,1.1637638165621373,1.2742544690147732
7,ACC_z,1000,1000,0.32019463181495667,0.17000731825828552,0.0383596271276474,1.030983805656433,0.30414441227912903,0.1734740138053894,0.05986800044775009,1.0074912309646606,0.322603702545166,0.22038643062114716,0.05655057355761528,0.894593358039856,0.9498735520803384,1.0075237698913129
7,BVP,1000,1000,1.0609221458435059,0.45454224944114685,0.05361758545041084,3.8390450477600098,0.8578593134880066,0.3305550217628479,0.09002220630645752,3.34773325920105,0.8363271355628967,0.31216293573379517,0.04841473326086998,3.287400007247925,0.8085978003654072,0.7883020812031022
7,EDA,1000,1000,0.0007569692679680884,0.0002452668850310147,2.384185791015625e-07,0.0035122670233249664,0.0013128919526934624,0.0006841011345386505,0.0003173917648382485,0.004260432906448841,0.0013424968346953392,0.0006888899952173233,0.00022969022393226624,0.00408162409439683,1.734405884425958,1.7735156386189446
7,TEMP,1000,1000,7.931768777780235e-06,3.814697265625e-06,2.384185791015625e-07,1.2642145520658232e-05,0.00012080961460014805,0.0001004934310913086,6.543994095409289e-05,0.0002404183178441599,0.00014905178977642208,7.82012939453125e-05,3.814697265625e-05,0.0004059732018504292,15.231106451133531,18.791746702698934
8,ACC_x,1000,1000,0.10434063524007797,0.010635621845722198,0.00011119246482849121,0.49968281388282776,0.10787010192871094,0.02147030085325241,0.006649772636592388,0.5166255831718445,0.10506361722946167,0.019657690078020096,0.0042982399463653564,0.5092684030532837,1.0338263868195934,1.0069290548952494
8,ACC_y,1000,1000,0.024301467463374138,0.0009896326810121536,6.2501289903593715e-06,0.13752762973308563,0.027427295222878456,0.0037296414375305176,0.0013121748343110085,0.14149612188339233,0.032885435968637466,0.008570007979869843,0.0011270720278844237,0.1518152356147766,1.1286271195027788,1.3532284014617892
8,ACC_z,1000,1000,0.07285835593938828,0.006638731807470322,0.00014177299453876913,0.39287152886390686,0.0795900821685791,0.015301790088415146,0.005301701836287975,0.3643490970134735,0.0861181765794754,0.014934957027435303,0.003543168306350708,0.39145439863204956,1.092394703975904,1.1819945079616967
8,BVP,1000,1000,0.6070230603218079,0.2688711881637573,0.029388248920440674,2.2799606323242188,0.6478606462478638,0.30168092250823975,0.06653904914855957,2.3271079063415527,0.6202900409698486,0.2704654335975647,0.038723524659872055,2.3296046257019043,1.067275180459217,1.0218558099605102
8,EDA,1000,1000,0.0004113086324650794,3.825873136520386e-06,0.0,0.0016265027225017548,0.00026883845566771924,0.00011507794260978699,6.321072578430176e-05,0.0008237272268161178,0.00034541008062660694,0.00010171160101890564,4.051402356708422e-05,0.0011306091910228133,0.6536173433961271,0.8397832025952742
8,TEMP,1000,1000,4.575431375997141e-06,3.5762786865234375e-06,0.0,1.2409686860337388e-05,5.6125940318452194e-05,4.291534423828125e-05,2.288818359375e-05,0.00013214349746704102,7.439380715368316e-05,5.02467155456543e-05,1.5497207641601562e-05,0.00019654631614685059,12.266808461578217,16.25940835741859
