candidate,activity,signal,reference_split,real_sampled_windows,synthetic_sampled_windows,real_mean,synthetic_mean,abs_mean_diff_lower_is_better,real_std,synthetic_std,abs_std_diff_lower_is_better,histogram_overlap_0_to_1_higher_is_better,fft_logmag_mae_lower_is_better
prior,1,ACC_x,real_train,3000,1000,-0.5462071895599365,-0.6429263949394226,0.09671920537948608,0.8078014254570007,0.31108835339546204,0.4967130720615387,0.2334765625,0.22216099500656128
prior,2,ACC_x,real_train,2138,1000,0.6028154492378235,0.4603549838066101,0.14246046543121338,0.6757930517196655,0.11608073860406876,0.5597123131155968,0.2793747168060103,1.1190863847732544
prior,3,ACC_x,real_train,1498,1000,-0.24670782685279846,-0.45304229855537415,0.20633447170257568,0.931091845035553,0.20255154371261597,0.728540301322937,0.4839282141814085,1.4674493074417114
prior,4,ACC_x,real_train,2294,1000,0.6736303567886353,0.4055000841617584,0.26813027262687683,1.108744740486145,0.14319445192813873,0.9655502885580063,0.2633680712592633,1.9600788354873657
prior,5,ACC_x,real_train,3000,1000,0.16382120549678802,0.06035167723894119,0.10346952825784683,1.1609591245651245,0.2721071243286133,0.8888520002365112,0.24972070312499994,1.2444419860839844
prior,6,ACC_x,real_train,3000,1000,-0.22954748570919037,-0.4172544479370117,0.18770696222782135,0.8742740750312805,0.09773903340101242,0.7765350416302681,0.23858658854166667,0.8517193794250488
prior,7,ACC_x,real_train,2900,1000,0.4336104094982147,0.13299402594566345,0.30061638355255127,0.9161335825920105,0.22699156403541565,0.6891420185565948,0.2902807112068966,1.2127532958984375
prior,8,ACC_x,real_train,3000,1000,0.4748530983924866,0.4714809060096741,0.0033721923828125,0.8621268272399902,0.19405069947242737,0.6680761277675629,0.35750911458333334,0.5090592503547668
prior,1,ACC_y,real_train,3000,1000,-0.1552569717168808,-0.09866387397050858,0.05659309774637222,0.6112675070762634,0.08068113774061203,0.5305863693356514,0.4595944010416667,0.09926656633615494
prior,2,ACC_y,real_train,2138,1000,1.1534250974655151,1.3246009349822998,0.17117583751678467,1.1970645189285278,0.28038251399993896,0.9166820049285889,0.2584908665370673,0.8943742513656616
prior,3,ACC_y,real_train,1498,1000,0.8577591776847839,0.8598126173019409,0.0020534396171569824,0.7883221507072449,0.34360185265541077,0.4447202980518341,0.33011359938250995,0.9319142699241638
prior,4,ACC_y,real_train,2294,1000,0.7904581427574158,0.8251850008964539,0.034726858139038086,0.8159849047660828,0.2629057765007019,0.5530791282653809,0.41209988012205756,1.4817216396331787
prior,5,ACC_y,real_train,3000,1000,-0.48984965682029724,-0.5131497383117676,0.023300081491470337,0.5042747855186462,0.10138063132762909,0.40289415419101715,0.3885247395833333,0.7220631241798401
prior,6,ACC_y,real_train,3000,1000,-0.27503326535224915,-0.2810440957546234,0.006010830402374268,0.7699876427650452,0.09728694707155228,0.6727006956934929,0.29506966145833335,0.42561784386634827
prior,7,ACC_y,real_train,2900,1000,1.1090753078460693,1.0849568843841553,0.024118423461914062,1.1803739070892334,0.44170594215393066,0.7386679649353027,0.3003508890086207,0.7848738431930542
prior,8,ACC_y,real_train,3000,1000,-0.49854743480682373,-0.3873078525066376,0.11123958230018616,0.7467429637908936,0.2281222641468048,0.5186206996440887,0.3357154947916667,0.2346414476633072
prior,1,ACC_z,real_train,3000,1000,-0.10546781122684479,-0.28936439752578735,0.18389658629894257,0.9427779912948608,0.23376888036727905,0.7090091109275818,0.24588541666666666,0.18618938326835632
prior,2,ACC_z,real_train,2138,1000,-0.4787653684616089,-0.6056331396102905,0.12686777114868164,0.6214222311973572,0.16651538014411926,0.4549068510532379,0.3993611947497661,0.9586042761802673
prior,3,ACC_z,real_train,1498,1000,-0.6717590689659119,-0.9293083548545837,0.2575492858886719,0.9910982251167297,0.14829152822494507,0.8428066968917847,0.27665725915804407,1.414889931678772
prior,4,ACC_z,real_train,2294,1000,0.7888085842132568,0.5474023818969727,0.24140620231628418,0.7464385032653809,0.1089320033788681,0.6375064998865128,0.23431417726950743,1.7061983346939087
prior,5,ACC_z,real_train,3000,1000,0.5694323182106018,0.4035013020038605,0.16593101620674133,0.8023136854171753,0.17215082049369812,0.6301628649234772,0.16567057291666665,1.0182520151138306
prior,6,ACC_z,real_train,3000,1000,-0.10361351817846298,-0.22490404546260834,0.12129052728414536,1.0896811485290527,0.10905878990888596,0.9806223586201668,0.13451171875,0.7545270323753357
prior,7,ACC_z,real_train,2900,1000,-0.5445958971977234,-0.683155357837677,0.1385594606399536,0.788108766078949,0.14415350556373596,0.643955260515213,0.3958636853448276,1.0133395195007324
prior,8,ACC_z,real_train,3000,1000,0.5747462511062622,0.3178240656852722,0.25692218542099,0.8566002249717712,0.17654143273830414,0.6800587922334671,0.15228580729166669,0.4454294443130493
prior,1,BVP,real_train,3000,1000,8.920296386349946e-05,0.007339963689446449,0.00725076072558295,0.571843147277832,0.009755648672580719,0.5620874986052513,0.26611328125,0.5566173791885376
prior,2,BVP,real_train,2138,1000,9.35838688747026e-05,-0.0045456779189407825,0.004639261787815485,0.9875429272651672,0.009085620753467083,0.9784573065117002,0.22815353864593077,0.7783957123756409
prior,3,BVP,real_train,1498,1000,0.00030768243595957756,-0.011313105002045631,0.011620787438005209,1.3883988857269287,0.016474563628435135,1.3719243220984936,0.27725427653538054,0.9548392295837402
prior,4,BVP,real_train,2294,1000,-4.440754491952248e-05,-0.011268651112914085,0.011224243567994563,1.2559813261032104,0.010330306366086006,1.2456510197371244,0.16466069944692677,0.9296438694000244
prior,5,BVP,real_train,3000,1000,-0.0015889970818534493,-0.014479082077741623,0.012890084995888174,1.1780955791473389,0.013055684976279736,1.1650398941710591,0.24055078125000004,0.8956475853919983
prior,6,BVP,real_train,3000,1000,-0.0005897226510569453,0.004020958207547665,0.00461068085860461,1.0538209676742554,0.00848228856921196,1.0453386791050434,0.38743684895833336,0.8086000680923462
prior,7,BVP,real_train,2900,1000,-0.00011204549809917808,-0.0056855627335608006,0.0055735172354616225,1.3333719968795776,0.010495729744434357,1.3228762671351433,0.28575107758620694,0.9516608119010925
prior,8,BVP,real_train,3000,1000,0.0005444939015433192,-0.0010972407180815935,0.0016417346196249127,1.0245630741119385,0.008952395059168339,1.0156106790527701,0.276404296875,0.8235671520233154
prior,1,EDA,real_train,3000,1000,-0.5811755657196045,-0.7415522336959839,0.1603766679763794,0.4477596879005432,0.0894591435790062,0.358300544321537,0.3374036458333334,0.13213518261909485
prior,2,EDA,real_train,2138,1000,-0.10860738903284073,-0.358193963766098,0.2495865747332573,0.9505728483200073,0.23326273262500763,0.7173101156949997,0.2942944486669785,0.10509978979825974
prior,3,EDA,real_train,1498,1000,1.1392818689346313,0.9587950110435486,0.18048685789108276,1.175513505935669,0.4325442314147949,0.742969274520874,0.17210433964035382,0.16027045249938965
prior,4,EDA,real_train,2294,1000,0.047725480049848557,0.09193336218595505,0.04420788213610649,0.5098702311515808,0.14991015195846558,0.35996007919311523,0.3948739016864647,0.051571331918239594
prior,5,EDA,real_train,3000,1000,0.8184034824371338,0.8518517017364502,0.033448219299316406,1.1165512800216675,0.15070852637290955,0.9658427536487579,0.13952604166666666,0.08345604687929153
prior,6,EDA,real_train,3000,1000,-0.06759469211101532,-0.07024575024843216,0.0026510581374168396,0.6685348153114319,0.16329830884933472,0.5052365064620972,0.29071223958333337,0.05853772535920143
prior,7,EDA,real_train,2900,1000,-0.11838069558143616,-0.24779589474201202,0.12941519916057587,0.4631924629211426,0.17754578590393066,0.2856466770172119,0.4360125269396552,0.05913639813661575
prior,8,EDA,real_train,3000,1000,-0.1249440610408783,-0.2588184177875519,0.13387435674667358,0.7376611232757568,0.23823858797550201,0.4994225353002548,0.21666601562499999,0.05799952894449234
prior,1,TEMP,real_train,3000,1000,-1.0912222862243652,-1.1520893573760986,0.0608670711517334,0.12599872052669525,0.06349755078554153,0.06250116974115372,0.49363606770833335,0.1206875592470169
prior,2,TEMP,real_train,2138,1000,-1.152831792831421,-1.1540004014968872,0.0011686086654663086,0.15335358679294586,0.06525691598653793,0.08809667080640793,0.3754839858366464,0.09355262666940689
prior,3,TEMP,real_train,1498,1000,-1.223190188407898,-1.2304999828338623,0.0073097944259643555,0.23925596475601196,0.09750081598758698,0.141755148768425,0.30557835968791724,0.09816260635852814
prior,4,TEMP,real_train,2294,1000,-1.1054885387420654,-1.1622636318206787,0.05677509307861328,0.17372891306877136,0.09867195039987564,0.07505696266889572,0.3661282455590671,0.06680755317211151
prior,5,TEMP,real_train,3000,1000,-0.880868673324585,-0.9474175572395325,0.06654888391494751,0.22784893214702606,0.16697239875793457,0.06087653338909149,0.36923828125,0.0768868625164032
prior,6,TEMP,real_train,3000,1000,-0.8324009776115417,-0.7111255526542664,0.12127542495727539,0.14217303693294525,0.046327076852321625,0.09584596008062363,0.15498958333333332,0.0705893263220787
prior,7,TEMP,real_train,2900,1000,-0.895415186882019,-0.7990432381629944,0.09637194871902466,0.11716941744089127,0.08249416947364807,0.034675247967243195,0.3750451912715517,0.078609399497509
prior,8,TEMP,real_train,3000,1000,-0.8867407441139221,-0.8959119319915771,0.00917118787765503,0.18711525201797485,0.08496890962123871,0.10214634239673615,0.39933138020833336,0.105564184486866
