epoch,train_loss,train_recon_loss,train_prior_recon_loss,train_pred_loss,train_kl_loss,val_loss,val_recon_loss,val_prior_recon_loss,val_pred_loss,val_kl_loss
1,0.431121755702329,0.07491197835279588,0.5907821259263021,0.03923217941780005,2.1586533838461013,0.31119192935325,0.014890801677530681,0.5387227519138439,0.009590014160887615,1.734973696438042
2,0.2988247150964591,0.012578389305919663,0.5247558486319481,0.008315950312399428,1.555245286358276,0.30229565460939667,0.01138209005364695,0.5377441346645355,0.007501563252377752,1.453993541163367
3,0.28900338282881644,0.009136168358393737,0.5178338134918343,0.00709933544996193,1.3850974423312654,0.29003435473989797,0.007906891317484347,0.5248187397782867,0.006774590426200145,1.2943504452705383
4,0.2827872096527577,0.006953938135137905,0.5141069155433922,0.006310152073963537,1.2469662462426208,0.281431840883719,0.005264758786841019,0.5155729792408041,0.006095061424767246,1.228553206533999
5,0.2780427049839111,0.0053030647832449694,0.5113436830003176,0.0055825419619273285,1.1485256990338508,0.2773634737005105,0.004991526004380068,0.5122457678253586,0.005274677416309714,1.0974386141106889
6,0.27554167662406087,0.004856314552151415,0.5095951894783689,0.005074752671596494,1.0813015293222066,0.2823945674541834,0.005747643746183933,0.5226000100374222,0.0050740936531911834,1.0272821574597746
7,0.2745572844904164,0.004413757966260158,0.5094109309592889,0.004931541941933067,1.050651923659713,0.28093523451605357,0.004823405994102359,0.5167062371163755,0.005478505196200835,1.2280206180907585
8,0.27387254498581665,0.004332955707708656,0.5087666200312073,0.00489586022058962,1.0260419804964602,0.27563934873890233,0.005336048068931779,0.5120099593658705,0.004550013968066589,0.9748305243414801
9,0.27296767743015615,0.003968608399830898,0.5083458022019323,0.004757397474159424,1.0068771252234099,0.2739808801058176,0.00367960160459719,0.511375908916061,0.004830503320271099,0.9782819812362259
10,0.2726285849813708,0.0038215808119796205,0.507891669793267,0.004832873120903969,1.0028296562841439,0.2772703309719627,0.005105556479680377,0.5145812453450384,0.004880708050788255,0.9993441644552592
11,0.2715250676850038,0.003797760744955156,0.5068666015512087,0.004620853889244886,0.96731529142422,0.27259910046248825,0.004177314751605327,0.5086873270369865,0.004470425286657504,0.9607695832445815
12,0.2708750375287902,0.0037215580303837535,0.5061898629039882,0.004548574465023928,0.9509973761576404,0.2729589721641025,0.003922110470641102,0.5084537452942616,0.004161487591478067,1.0648503972066414
13,0.27033215639335334,0.003604049853079364,0.5065610275256369,0.004482620707086368,0.8964971330340514,0.27164953604743286,0.0034054760204477084,0.5099236510089926,0.004492215378008582,0.8790020113055771
14,0.26956670788422965,0.003458175049012676,0.5057414753372056,0.004628372776085667,0.8609422810845319,0.2712347579968942,0.0028000704541399674,0.5112930234219577,0.004631423372523607,0.8156753569035917
15,0.2685409418515087,0.0033623309813128875,0.5052334119453138,0.004388649709160984,0.8173255327409943,0.2766746733639691,0.0032210554738805906,0.51611435453634,0.004234826349577791,1.1161614157058097
16,0.26797190874662674,0.003183393872833257,0.5050365031780945,0.004281646233715206,0.7988616825165497,0.276231880929019,0.002909415584007228,0.5201611261110048,0.0043936207689143515,0.8848282445121456
17,0.2674567843874634,0.0032468362163206536,0.5045205550664937,0.004178986524103219,0.7770683917723076,0.27000368165003286,0.003900245294553807,0.5076073440345558,0.004213080244340204,0.8086680600772033
18,0.26729273933162073,0.0030978284514425053,0.5048452475103447,0.0041725542201950915,0.7599733250510754,0.2720290337865417,0.003215073330982311,0.5140519601267737,0.004100394303079795,0.76875876977637
19,0.26657423262803276,0.0031154250418307223,0.5041190030932223,0.0040142836546592,0.738502278543209,0.26716818600087555,0.0028517862146317558,0.5074116374189789,0.003630341140779893,0.6980240788008716
20,0.2667829214612711,0.0031934896816405924,0.504548739229394,0.003954914135912361,0.7360147929272822,0.26926160664171783,0.003064699225580773,0.5088985360957481,0.0039016672321972815,0.7845972438116331
21,0.2650434609876987,0.0030993110943725254,0.5025871511821649,0.003516387371695402,0.7134186536124455,0.26749515432763743,0.002879486063721816,0.5096020654246614,0.0032685378572677036,0.6546097204491899
22,0.26363952668602664,0.0030812620311448735,0.5011090056961196,0.002999782755025353,0.7003979626059329,0.2688340584974031,0.0036369135408234354,0.509530848345241,0.0035009428707731736,0.6930779250892433
23,0.2623508298925078,0.002914461431377512,0.5002074340640787,0.0025974904231447883,0.6735161632248653,0.26477404321367676,0.0029289523183645026,0.5046230643182188,0.002917266944800881,0.661629188705135
24,0.2616468124992803,0.0028805970515757544,0.49995698352079376,0.0023148664094038065,0.6472857604644164,0.26347617402270035,0.0027916554544070685,0.5045681257505674,0.002192559390882584,0.6207898645787626
25,0.26068529212495134,0.002738511944237265,0.49930520444549936,0.0020401105556392715,0.6254066856390776,0.26365253168183406,0.0028362186952821306,0.5051266486580307,0.0019874852842877845,0.6265503337254396
26,0.2606198727526088,0.002748764519067243,0.4996487100242147,0.0019046101938089074,0.6142142765363598,0.26413179732657766,0.003180743572679726,0.5058687341374319,0.0020990624168031923,0.5917622567834081
27,0.2600917147259899,0.002625945419250802,0.49930524597582254,0.0017810268884880097,0.6032120351896985,0.2635967594546241,0.002999026712181198,0.5051923333793074,0.0017261897116219876,0.6275374526913101
28,0.2595301215906566,0.0026425677831594086,0.49868648365977675,0.001651912498655943,0.5892399181397647,0.2646153645740973,0.002601817080348327,0.5070706009864807,0.0017162423920691818,0.6762003278410113
29,0.2596579664204352,0.0025886335970240516,0.49897651351493305,0.001660807741832883,0.5920269364392737,0.26470012137213267,0.003909610164653812,0.5065166781077514,0.0016448768752476048,0.58872923577154
30,0.2594057240569409,0.0026369229021753473,0.49876651548648815,0.0015885877419815255,0.5796956059981448,0.2621911454039651,0.002735733378653389,0.5046975258234385,0.0016272547953711772,0.5479392602637008
31,0.2589827880542567,0.0025490710275403177,0.49856916247681415,0.0014810079194643429,0.5668127390046745,0.2614214305539389,0.0025689732881162214,0.5043766627440581,0.0014961144219882586,0.5168012920263652
32,0.2588940239440034,0.0025665341484561893,0.49852317211168995,0.0014455732443247758,0.5620330275120483,0.26222379767411463,0.0022844293790340825,0.5049903920373401,0.0014008028162139897,0.6043370035854546
33,0.2587375355538558,0.002583716496241357,0.4984521237305116,0.0013911278678018606,0.5536629134690741,0.26164326575156804,0.002406953362043242,0.5043359809630626,0.001440394652466214,0.5627928569510177
34,0.25842984216176673,0.002450905477087088,0.49828812997832617,0.0013507270968949115,0.5484143967218252,0.26274994821161834,0.003619504375131549,0.5045559937889511,0.0013579695998388972,0.5494476862855859
35,0.2584563411988026,0.002554953784889699,0.4981160906652779,0.0013576154739895813,0.5485726822377064,0.2615396227385547,0.002829743369885192,0.5037264082882855,0.0013124930791909228,0.5534182819160255
36,0.258201672129168,0.0024987205321975116,0.49807891325812526,0.0012904314609447549,0.537306309558667,0.2610154778168008,0.002463487656535329,0.5038495232930055,0.0012616108980256359,0.5365618334428685
37,0.2579710785635895,0.002452325931428162,0.49800679615652743,0.0012375551688023152,0.5277798900307747,0.2600603143911104,0.0020956422416241586,0.5028207652472161,0.0011139747850294854,0.5440316550635003
38,0.2578154546438734,0.002451256402646028,0.497904020385401,0.0011867854392768424,0.5225402568633553,0.26174877563843857,0.002863490390843032,0.5039612091070896,0.0011742165456903545,0.5730463008622866
39,0.2578864166389332,0.0024609157690235763,0.4979169872895619,0.001221788813894713,0.5245218786714024,0.260621904118641,0.002542748358226507,0.5032273869256716,0.0011200460674543236,0.5345413874129992
40,0.25753449825046415,0.0023618912555553413,0.49780385087052237,0.00114608629818076,0.5124595553139811,0.26225663922928477,0.003464626642321614,0.5052724202742448,0.001099385747472076,0.5056415176069414
41,0.2576256918592388,0.0023622378650211824,0.4976794002307944,0.0012049684892019837,0.5218785231015954,0.26215062471660405,0.003172336511213232,0.5046710226986859,0.0015431836788618082,0.5099593525802767
42,0.2574714472996518,0.002357405506858199,0.4976882485758507,0.001159851035314217,0.5110065823316168,0.26092466651587876,0.0032262651665085876,0.5025565169147543,0.0011088506702484715,0.5311293114681501
43,0.25732192610353993,0.0023268632946957975,0.49776887599207476,0.0010979466822103072,0.5012678565422558,0.26178214517799586,0.0029360593542003552,0.5057066082954407,0.0010405502823256964,0.4952233457887495
44,0.25718241973162914,0.002270166701089838,0.4976150063985048,0.0010986894746334809,0.5006061296345224,0.26117112004273646,0.0022082804620416987,0.5038853356161633,0.001344705223911316,0.567546957247966
45,0.2570529139427757,0.002250345758784378,0.49768467889733775,0.0010522415849984683,0.49079882915828255,0.2599081527945158,0.002555754199322011,0.5035552467043335,0.0009913964384248026,0.45833798719419017
46,0.25706482946466547,0.0022248784322101223,0.4976519956499389,0.001067160540581657,0.49467930233255153,0.26012267897257935,0.0022448836574079215,0.5036302422349518,0.0010570055864927534,0.5005669698521897
47,0.2567090536554993,0.0022246110129282765,0.4972707000664186,0.0010223752948704606,0.482671805144981,0.2607738216583793,0.0031264129069608613,0.5032964969003523,0.0010291031653036338,0.49700589437742493
48,0.25670527779771685,0.002230149848082022,0.497332077314744,0.0010063261227218952,0.4802763241722393,0.25929332504401337,0.0022316637537064584,0.5029263709847992,0.0009993579816010253,0.45991150632097916
49,0.25680289103997017,0.0021878323276579583,0.49749968623586976,0.0010196167211725775,0.4845599570205305,0.26015391402147914,0.0022482889723284423,0.5038531692446889,0.0010462926411246125,0.4932747902096929
50,0.25666417963358573,0.0021751637846624933,0.49748924953364837,0.0009860169948467405,0.47583742777371124,0.26055581485097473,0.002334257270008124,0.5045544646076254,0.0010669681942090392,0.48773585984835754
